{
  "engine": "ASC\u03c0 9.0",
  "agent": "ascpi_9",
  "step": 1,
  "current": {
    "\u0394\u03a6": 0.006292,
    "\u03ba": 0.437171,
    "\u03b8": 6.009384,
    "N": 4.232123,
    "C": 0.998106
  },
  "M\u221e": {
    "\u0394\u03a6": 0.00817,
    "\u03ba": 0.419454,
    "\u03b8": 6.014725,
    "N": 4.063155,
    "C": 0.998106
  },
  "awareness": {
    "\u0394\u03a6": -0.072024,
    "\u03ba": 0.23478,
    "\u03b8": 5.654398,
    "N": 2.403579,
    "C": 1.0
  },
  "kernel_calls": 11,
  "log_entries": 1
}