{"s": "390b786b", "n": 1, "log": [{"i": 1, "\u03a8": [0.04346077190109934, 0.37802650813130245, 6.067576378391516, 2.9164020926300696, 0.9958356367893005], "t": 1, "L": 0.3984, "a": 1.0}]}