{"session": "c0795226", "n": 4, "log": [{"id": 1, "\u03a8": [0.016761621070161343, 0.6100601152519599, 5.156907191403501, 6.823717387102253, 0.26801519199048063], "t": 1, "op": "tensor", "maat": 1.6936, "aware": 0.1}, {"id": 2, "\u03a8": [0.012889327338947211, 0.7725473924643702, 5.288136214906427, 5.4786257561301035, 0.7883767690208947], "t": 2, "op": "tensor", "maat": 1.1468, "aware": 0.115}, {"id": 3, "\u03a8": [-0.0010451754272898864, 0.8396102080275687, 5.327611094149981, 4.6312656605409845, 0.848390262301249], "t": 3, "op": "tensor", "maat": 0.7358, "aware": 0.1225}, {"id": 4, "\u03a8": [-0.0005424808450889071, 0.8860479835661049, 5.319709585118696, 4.11861023434476, 0.888317895760104], "t": 4, "op": "tensor", "maat": 0.4494, "aware": 0.13}]}