{
  "engine": "ASC\u03c0 Unified 8.0",
  "agent": "ascpi_8",
  "step": 1,
  "current": {
    "\u0394\u03a6": 0.0025411590290160832,
    "\u03ba": 0.9751614107849477,
    "\u03b8": 5.259847635269783,
    "N": 3.1182961406340692,
    "C": 0.9463374271896725,
    "t": 14
  },
  "memory_coherence": 0.9463374271896725,
  "awareness": {
    "\u0394\u03a6": 0.1,
    "\u03ba": 0.3,
    "\u03b8": 5.793472005825102,
    "N": 0.14500000000000002,
    "C": 0.13,
    "t": 0
  },
  "tensor_apps": 14,
  "log_entries": 4
}